Sexo;Edad;Enfermedades;Total
Ambos sexos;TOTAL;Tensión alta;19,34
Ambos sexos;TOTAL;Infarto de miocardio;0,71
Ambos sexos;TOTAL;Angina de pecho, enfermedad coronaria;0,72
Ambos sexos;TOTAL;Otras enfermedades del corazón;4,11
Ambos sexos;TOTAL;Varices en las piernas;9,77
Ambos sexos;TOTAL;Artrosis (excluyendo artritis);15,13
Ambos sexos;TOTAL;Dolor de espalda crónico (cervical);12,3
Ambos sexos;TOTAL;Dolor de espalda crónico (lumbar);14,73
Ambos sexos;TOTAL;Alergia crónica, como rinitis, conjuntivitis o dermatitis alérgica, alergia alimentaria o de otro tipo (asma alérgica excluida);11,33
Ambos sexos;TOTAL;Asma (incluida asma alérgica);4,11
Ambos sexos;TOTAL;Bronquitis crónica, enfisema, enfermedad pulmonar obstructiva crónica (EPOC);2,75
Ambos sexos;TOTAL;Diabetes;7,54
Ambos sexos;TOTAL;Úlcera de estómago o duodeno;1,34
Ambos sexos;TOTAL;Incontinencia urinaria o problemas de control de la orina;3,61
Ambos sexos;TOTAL;Colesterol alto;15,47
Ambos sexos;TOTAL;Cataratas;4,25
Ambos sexos;TOTAL;Problemas crónicos de piel;4,05
Ambos sexos;TOTAL;Estreñimiento crónico;3,23
Ambos sexos;TOTAL;Cirrosis, disfunción hepática;0,68
Ambos sexos;TOTAL;Depresión;5,7
Ambos sexos;TOTAL;Ansiedad crónica;6,4
Ambos sexos;TOTAL;Otros problemas mentales;1,7
Ambos sexos;TOTAL;Ictus (embolia, infarto cerebral, hemorragia cerebral);0,69
Ambos sexos;TOTAL;Migraña o dolor de cabeza frecuente;7,64
Ambos sexos;TOTAL;Hemorroides;3,61
Ambos sexos;TOTAL;Tumores malignos;1,66
Ambos sexos;TOTAL;Osteoporosis;3,38
Ambos sexos;TOTAL;Problemas de tiroides;5,21
Ambos sexos;TOTAL;Problemas de riñón;2,45
Ambos sexos;TOTAL;Problemas de próstata (solo hombres);0
Ambos sexos;TOTAL;Problemas del periodo menopáusico (solo mujeres);0
Ambos sexos;TOTAL;Lesiones o defectos permanentes causados por un accidente;2,89
Ambos sexos;De 15 a 24 años;Tensión alta;1,17
Ambos sexos;De 15 a 24 años;Infarto de miocardio;0
Ambos sexos;De 15 a 24 años;Angina de pecho, enfermedad coronaria;0,04
Ambos sexos;De 15 a 24 años;Otras enfermedades del corazón;0,63
Ambos sexos;De 15 a 24 años;Varices en las piernas;0,51
Ambos sexos;De 15 a 24 años;Artrosis (excluyendo artritis);0,25
Ambos sexos;De 15 a 24 años;Dolor de espalda crónico (cervical);2,05
Ambos sexos;De 15 a 24 años;Dolor de espalda crónico (lumbar);2,67
Ambos sexos;De 15 a 24 años;Alergia crónica, como rinitis, conjuntivitis o dermatitis alérgica, alergia alimentaria o de otro tipo (asma alérgica excluida);13,92
Ambos sexos;De 15 a 24 años;Asma (incluida asma alérgica);4,6
Ambos sexos;De 15 a 24 años;Bronquitis crónica, enfisema, enfermedad pulmonar obstructiva crónica (EPOC);0,76
Ambos sexos;De 15 a 24 años;Diabetes;0,41
Ambos sexos;De 15 a 24 años;Úlcera de estómago o duodeno;0,11
Ambos sexos;De 15 a 24 años;Incontinencia urinaria o problemas de control de la orina;0,4
Ambos sexos;De 15 a 24 años;Colesterol alto;0,4
Ambos sexos;De 15 a 24 años;Cataratas;0,07
Ambos sexos;De 15 a 24 años;Problemas crónicos de piel;3,25
Ambos sexos;De 15 a 24 años;Estreñimiento crónico;0,82
Ambos sexos;De 15 a 24 años;Cirrosis, disfunción hepática;0,2
Ambos sexos;De 15 a 24 años;Depresión;1,51
Ambos sexos;De 15 a 24 años;Ansiedad crónica;3,08
Ambos sexos;De 15 a 24 años;Otros problemas mentales;1,59
Ambos sexos;De 15 a 24 años;Ictus (embolia, infarto cerebral, hemorragia cerebral);0
Ambos sexos;De 15 a 24 años;Migraña o dolor de cabeza frecuente;6,41
Ambos sexos;De 15 a 24 años;Hemorroides;0,42
Ambos sexos;De 15 a 24 años;Tumores malignos;0,14
Ambos sexos;De 15 a 24 años;Osteoporosis;0,1
Ambos sexos;De 15 a 24 años;Problemas de tiroides;1,47
Ambos sexos;De 15 a 24 años;Problemas de riñón;0,6
Ambos sexos;De 15 a 24 años;Problemas de próstata (solo hombres);0
Ambos sexos;De 15 a 24 años;Problemas del periodo menopáusico (solo mujeres);0
Ambos sexos;De 15 a 24 años;Lesiones o defectos permanentes causados por un accidente;0,94
Ambos sexos;De 25 a 34 años;Tensión alta;1,87
Ambos sexos;De 25 a 34 años;Infarto de miocardio;0
Ambos sexos;De 25 a 34 años;Angina de pecho, enfermedad coronaria;0,06
Ambos sexos;De 25 a 34 años;Otras enfermedades del corazón;0,91
Ambos sexos;De 25 a 34 años;Varices en las piernas;3,31
Ambos sexos;De 25 a 34 años;Artrosis (excluyendo artritis);1,12
Ambos sexos;De 25 a 34 años;Dolor de espalda crónico (cervical);4,45
Ambos sexos;De 25 a 34 años;Dolor de espalda crónico (lumbar);5,93
Ambos sexos;De 25 a 34 años;Alergia crónica, como rinitis, conjuntivitis o dermatitis alérgica, alergia alimentaria o de otro tipo (asma alérgica excluida);12,72
Ambos sexos;De 25 a 34 años;Asma (incluida asma alérgica);5,23
Ambos sexos;De 25 a 34 años;Bronquitis crónica, enfisema, enfermedad pulmonar obstructiva crónica (EPOC);0,94
Ambos sexos;De 25 a 34 años;Diabetes;0,88
Ambos sexos;De 25 a 34 años;Úlcera de estómago o duodeno;0,74
Ambos sexos;De 25 a 34 años;Incontinencia urinaria o problemas de control de la orina;0,31
Ambos sexos;De 25 a 34 años;Colesterol alto;3,36
Ambos sexos;De 25 a 34 años;Cataratas;0,03
Ambos sexos;De 25 a 34 años;Problemas crónicos de piel;4,14
Ambos sexos;De 25 a 34 años;Estreñimiento crónico;1,45
Ambos sexos;De 25 a 34 años;Cirrosis, disfunción hepática;0,3
Ambos sexos;De 25 a 34 años;Depresión;2,78
Ambos sexos;De 25 a 34 años;Ansiedad crónica;4,39
Ambos sexos;De 25 a 34 años;Otros problemas mentales;0,85
Ambos sexos;De 25 a 34 años;Ictus (embolia, infarto cerebral, hemorragia cerebral);0
Ambos sexos;De 25 a 34 años;Migraña o dolor de cabeza frecuente;8,81
Ambos sexos;De 25 a 34 años;Hemorroides;1,31
Ambos sexos;De 25 a 34 años;Tumores malignos;0,2
Ambos sexos;De 25 a 34 años;Osteoporosis;0,26
Ambos sexos;De 25 a 34 años;Problemas de tiroides;2,34
Ambos sexos;De 25 a 34 años;Problemas de riñón;1,42
Ambos sexos;De 25 a 34 años;Problemas de próstata (solo hombres);0
Ambos sexos;De 25 a 34 años;Problemas del periodo menopáusico (solo mujeres);0
Ambos sexos;De 25 a 34 años;Lesiones o defectos permanentes causados por un accidente;2,22
Ambos sexos;De 35 a 44 años;Tensión alta;4,35
Ambos sexos;De 35 a 44 años;Infarto de miocardio;0,09
Ambos sexos;De 35 a 44 años;Angina de pecho, enfermedad coronaria;0,01
Ambos sexos;De 35 a 44 años;Otras enfermedades del corazón;1,18
Ambos sexos;De 35 a 44 años;Varices en las piernas;6,05
Ambos sexos;De 35 a 44 años;Artrosis (excluyendo artritis);2,94
Ambos sexos;De 35 a 44 años;Dolor de espalda crónico (cervical);7,6
Ambos sexos;De 35 a 44 años;Dolor de espalda crónico (lumbar);8,96
Ambos sexos;De 35 a 44 años;Alergia crónica, como rinitis, conjuntivitis o dermatitis alérgica, alergia alimentaria o de otro tipo (asma alérgica excluida);11,74
Ambos sexos;De 35 a 44 años;Asma (incluida asma alérgica);3,71
Ambos sexos;De 35 a 44 años;Bronquitis crónica, enfisema, enfermedad pulmonar obstructiva crónica (EPOC);1,23
Ambos sexos;De 35 a 44 años;Diabetes;1,61
Ambos sexos;De 35 a 44 años;Úlcera de estómago o duodeno;1,01
Ambos sexos;De 35 a 44 años;Incontinencia urinaria o problemas de control de la orina;1,1
Ambos sexos;De 35 a 44 años;Colesterol alto;6,23
Ambos sexos;De 35 a 44 años;Cataratas;0,44
Ambos sexos;De 35 a 44 años;Problemas crónicos de piel;3,31
Ambos sexos;De 35 a 44 años;Estreñimiento crónico;1,6
Ambos sexos;De 35 a 44 años;Cirrosis, disfunción hepática;0,41
Ambos sexos;De 35 a 44 años;Depresión;3,34
Ambos sexos;De 35 a 44 años;Ansiedad crónica;5,31
Ambos sexos;De 35 a 44 años;Otros problemas mentales;1,15
Ambos sexos;De 35 a 44 años;Ictus (embolia, infarto cerebral, hemorragia cerebral);0,19
Ambos sexos;De 35 a 44 años;Migraña o dolor de cabeza frecuente;8,82
Ambos sexos;De 35 a 44 años;Hemorroides;2,78
Ambos sexos;De 35 a 44 años;Tumores malignos;0,63
Ambos sexos;De 35 a 44 años;Osteoporosis;0,14
Ambos sexos;De 35 a 44 años;Problemas de tiroides;4,09
Ambos sexos;De 35 a 44 años;Problemas de riñón;1,36
Ambos sexos;De 35 a 44 años;Problemas de próstata (solo hombres);0
Ambos sexos;De 35 a 44 años;Problemas del periodo menopáusico (solo mujeres);0
Ambos sexos;De 35 a 44 años;Lesiones o defectos permanentes causados por un accidente;2,82
Ambos sexos;De 45 a 54 años;Tensión alta;12,74
Ambos sexos;De 45 a 54 años;Infarto de miocardio;0,52
Ambos sexos;De 45 a 54 años;Angina de pecho, enfermedad coronaria;0,36
Ambos sexos;De 45 a 54 años;Otras enfermedades del corazón;2,12
Ambos sexos;De 45 a 54 años;Varices en las piernas;10,09
Ambos sexos;De 45 a 54 años;Artrosis (excluyendo artritis);9,33
Ambos sexos;De 45 a 54 años;Dolor de espalda crónico (cervical);11,8
Ambos sexos;De 45 a 54 años;Dolor de espalda crónico (lumbar);14,68
Ambos sexos;De 45 a 54 años;Alergia crónica, como rinitis, conjuntivitis o dermatitis alérgica, alergia alimentaria o de otro tipo (asma alérgica excluida);12,19
Ambos sexos;De 45 a 54 años;Asma (incluida asma alérgica);3,6
Ambos sexos;De 45 a 54 años;Bronquitis crónica, enfisema, enfermedad pulmonar obstructiva crónica (EPOC);1,58
Ambos sexos;De 45 a 54 años;Diabetes;4,27
Ambos sexos;De 45 a 54 años;Úlcera de estómago o duodeno;1,29
Ambos sexos;De 45 a 54 años;Incontinencia urinaria o problemas de control de la orina;1,13
Ambos sexos;De 45 a 54 años;Colesterol alto;12,22
Ambos sexos;De 45 a 54 años;Cataratas;1,14
Ambos sexos;De 45 a 54 años;Problemas crónicos de piel;3,67
Ambos sexos;De 45 a 54 años;Estreñimiento crónico;2,23
Ambos sexos;De 45 a 54 años;Cirrosis, disfunción hepática;0,52
Ambos sexos;De 45 a 54 años;Depresión;5,54
Ambos sexos;De 45 a 54 años;Ansiedad crónica;7,5
Ambos sexos;De 45 a 54 años;Otros problemas mentales;1,25
Ambos sexos;De 45 a 54 años;Ictus (embolia, infarto cerebral, hemorragia cerebral);0,43
Ambos sexos;De 45 a 54 años;Migraña o dolor de cabeza frecuente;8,81
Ambos sexos;De 45 a 54 años;Hemorroides;3,74
Ambos sexos;De 45 a 54 años;Tumores malignos;1,42
Ambos sexos;De 45 a 54 años;Osteoporosis;1,01
Ambos sexos;De 45 a 54 años;Problemas de tiroides;5,46
Ambos sexos;De 45 a 54 años;Problemas de riñón;2,2
Ambos sexos;De 45 a 54 años;Problemas de próstata (solo hombres);0
Ambos sexos;De 45 a 54 años;Problemas del periodo menopáusico (solo mujeres);0
Ambos sexos;De 45 a 54 años;Lesiones o defectos permanentes causados por un accidente;3,46
Ambos sexos;De 55 a 64 años;Tensión alta;28,12
Ambos sexos;De 55 a 64 años;Infarto de miocardio;1
Ambos sexos;De 55 a 64 años;Angina de pecho, enfermedad coronaria;1,14
Ambos sexos;De 55 a 64 años;Otras enfermedades del corazón;3,55
Ambos sexos;De 55 a 64 años;Varices en las piernas;12,81
Ambos sexos;De 55 a 64 años;Artrosis (excluyendo artritis);21,76
Ambos sexos;De 55 a 64 años;Dolor de espalda crónico (cervical);18,8
Ambos sexos;De 55 a 64 años;Dolor de espalda crónico (lumbar);21,44
Ambos sexos;De 55 a 64 años;Alergia crónica, como rinitis, conjuntivitis o dermatitis alérgica, alergia alimentaria o de otro tipo (asma alérgica excluida);10,91
Ambos sexos;De 55 a 64 años;Asma (incluida asma alérgica);3,25
Ambos sexos;De 55 a 64 años;Bronquitis crónica, enfisema, enfermedad pulmonar obstructiva crónica (EPOC);3,58
Ambos sexos;De 55 a 64 años;Diabetes;10,19
Ambos sexos;De 55 a 64 años;Úlcera de estómago o duodeno;1,87
Ambos sexos;De 55 a 64 años;Incontinencia urinaria o problemas de control de la orina;3,45
Ambos sexos;De 55 a 64 años;Colesterol alto;24,97
Ambos sexos;De 55 a 64 años;Cataratas;4,18
Ambos sexos;De 55 a 64 años;Problemas crónicos de piel;4,28
Ambos sexos;De 55 a 64 años;Estreñimiento crónico;3,59
Ambos sexos;De 55 a 64 años;Cirrosis, disfunción hepática;1,13
Ambos sexos;De 55 a 64 años;Depresión;7,69
Ambos sexos;De 55 a 64 años;Ansiedad crónica;8,1
Ambos sexos;De 55 a 64 años;Otros problemas mentales;1,38
Ambos sexos;De 55 a 64 años;Ictus (embolia, infarto cerebral, hemorragia cerebral);0,61
Ambos sexos;De 55 a 64 años;Migraña o dolor de cabeza frecuente;7,79
Ambos sexos;De 55 a 64 años;Hemorroides;5,22
Ambos sexos;De 55 a 64 años;Tumores malignos;1,69
Ambos sexos;De 55 a 64 años;Osteoporosis;4,3
Ambos sexos;De 55 a 64 años;Problemas de tiroides;8,19
Ambos sexos;De 55 a 64 años;Problemas de riñón;2,71
Ambos sexos;De 55 a 64 años;Problemas de próstata (solo hombres);0
Ambos sexos;De 55 a 64 años;Problemas del periodo menopáusico (solo mujeres);0
Ambos sexos;De 55 a 64 años;Lesiones o defectos permanentes causados por un accidente;3,98
Ambos sexos;De 65 a 74 años;Tensión alta;44,99
Ambos sexos;De 65 a 74 años;Infarto de miocardio;1,2
Ambos sexos;De 65 a 74 años;Angina de pecho, enfermedad coronaria;1,44
Ambos sexos;De 65 a 74 años;Otras enfermedades del corazón;7,98
Ambos sexos;De 65 a 74 años;Varices en las piernas;17,74
Ambos sexos;De 65 a 74 años;Artrosis (excluyendo artritis);33,2
Ambos sexos;De 65 a 74 años;Dolor de espalda crónico (cervical);19,29
Ambos sexos;De 65 a 74 años;Dolor de espalda crónico (lumbar);22,69
Ambos sexos;De 65 a 74 años;Alergia crónica, como rinitis, conjuntivitis o dermatitis alérgica, alergia alimentaria o de otro tipo (asma alérgica excluida);8,99
Ambos sexos;De 65 a 74 años;Asma (incluida asma alérgica);3,93
Ambos sexos;De 65 a 74 años;Bronquitis crónica, enfisema, enfermedad pulmonar obstructiva crónica (EPOC);5,36
Ambos sexos;De 65 a 74 años;Diabetes;18,67
Ambos sexos;De 65 a 74 años;Úlcera de estómago o duodeno;1,62
Ambos sexos;De 65 a 74 años;Incontinencia urinaria o problemas de control de la orina;6,24
Ambos sexos;De 65 a 74 años;Colesterol alto;33,79
Ambos sexos;De 65 a 74 años;Cataratas;11,06
Ambos sexos;De 65 a 74 años;Problemas crónicos de piel;4,04
Ambos sexos;De 65 a 74 años;Estreñimiento crónico;5,81
Ambos sexos;De 65 a 74 años;Cirrosis, disfunción hepática;1,66
Ambos sexos;De 65 a 74 años;Depresión;9,02
Ambos sexos;De 65 a 74 años;Ansiedad crónica;8,42
Ambos sexos;De 65 a 74 años;Otros problemas mentales;1,26
Ambos sexos;De 65 a 74 años;Ictus (embolia, infarto cerebral, hemorragia cerebral);1,11
Ambos sexos;De 65 a 74 años;Migraña o dolor de cabeza frecuente;5,89
Ambos sexos;De 65 a 74 años;Hemorroides;6,16
Ambos sexos;De 65 a 74 años;Tumores malignos;4,4
Ambos sexos;De 65 a 74 años;Osteoporosis;8,95
Ambos sexos;De 65 a 74 años;Problemas de tiroides;8,01
Ambos sexos;De 65 a 74 años;Problemas de riñón;3,82
Ambos sexos;De 65 a 74 años;Problemas de próstata (solo hombres);0
Ambos sexos;De 65 a 74 años;Problemas del periodo menopáusico (solo mujeres);0
Ambos sexos;De 65 a 74 años;Lesiones o defectos permanentes causados por un accidente;2,65
Ambos sexos;De 75 a 84 años;Tensión alta;55,86
Ambos sexos;De 75 a 84 años;Infarto de miocardio;2,84
Ambos sexos;De 75 a 84 años;Angina de pecho, enfermedad coronaria;2,48
Ambos sexos;De 75 a 84 años;Otras enfermedades del corazón;15,4
Ambos sexos;De 75 a 84 años;Varices en las piernas;20,31
Ambos sexos;De 75 a 84 años;Artrosis (excluyendo artritis);47,17
Ambos sexos;De 75 a 84 años;Dolor de espalda crónico (cervical);23,61
Ambos sexos;De 75 a 84 años;Dolor de espalda crónico (lumbar);29,15
Ambos sexos;De 75 a 84 años;Alergia crónica, como rinitis, conjuntivitis o dermatitis alérgica, alergia alimentaria o de otro tipo (asma alérgica excluida);8,32
Ambos sexos;De 75 a 84 años;Asma (incluida asma alérgica);4,74
Ambos sexos;De 75 a 84 años;Bronquitis crónica, enfisema, enfermedad pulmonar obstructiva crónica (EPOC);7,36
Ambos sexos;De 75 a 84 años;Diabetes;24,11
Ambos sexos;De 75 a 84 años;Úlcera de estómago o duodeno;2,9
Ambos sexos;De 75 a 84 años;Incontinencia urinaria o problemas de control de la orina;13,3
Ambos sexos;De 75 a 84 años;Colesterol alto;35,06
Ambos sexos;De 75 a 84 años;Cataratas;18,55
Ambos sexos;De 75 a 84 años;Problemas crónicos de piel;6,08
Ambos sexos;De 75 a 84 años;Estreñimiento crónico;8,42
Ambos sexos;De 75 a 84 años;Cirrosis, disfunción hepática;0,86
Ambos sexos;De 75 a 84 años;Depresión;11,21
Ambos sexos;De 75 a 84 años;Ansiedad crónica;7,31
Ambos sexos;De 75 a 84 años;Otros problemas mentales;3,65
Ambos sexos;De 75 a 84 años;Ictus (embolia, infarto cerebral, hemorragia cerebral);2,75
Ambos sexos;De 75 a 84 años;Migraña o dolor de cabeza frecuente;5,18
Ambos sexos;De 75 a 84 años;Hemorroides;5,89
Ambos sexos;De 75 a 84 años;Tumores malignos;4,74
Ambos sexos;De 75 a 84 años;Osteoporosis;12,04
Ambos sexos;De 75 a 84 años;Problemas de tiroides;7,08
Ambos sexos;De 75 a 84 años;Problemas de riñón;5,32
Ambos sexos;De 75 a 84 años;Problemas de próstata (solo hombres);0
Ambos sexos;De 75 a 84 años;Problemas del periodo menopáusico (solo mujeres);0
Ambos sexos;De 75 a 84 años;Lesiones o defectos permanentes causados por un accidente;3,71
Ambos sexos;De 85 y más años;Tensión alta;59,92
Ambos sexos;De 85 y más años;Infarto de miocardio;2,72
Ambos sexos;De 85 y más años;Angina de pecho, enfermedad coronaria;3,12
Ambos sexos;De 85 y más años;Otras enfermedades del corazón;19,98
Ambos sexos;De 85 y más años;Varices en las piernas;21,12
Ambos sexos;De 85 y más años;Artrosis (excluyendo artritis);57,03
Ambos sexos;De 85 y más años;Dolor de espalda crónico (cervical);27,77
Ambos sexos;De 85 y más años;Dolor de espalda crónico (lumbar);32,4
Ambos sexos;De 85 y más años;Alergia crónica, como rinitis, conjuntivitis o dermatitis alérgica, alergia alimentaria o de otro tipo (asma alérgica excluida);6,43
Ambos sexos;De 85 y más años;Asma (incluida asma alérgica);6,06
Ambos sexos;De 85 y más años;Bronquitis crónica, enfisema, enfermedad pulmonar obstructiva crónica (EPOC);8,41
Ambos sexos;De 85 y más años;Diabetes;21,72
Ambos sexos;De 85 y más años;Úlcera de estómago o duodeno;3,17
Ambos sexos;De 85 y más años;Incontinencia urinaria o problemas de control de la orina;24,83
Ambos sexos;De 85 y más años;Colesterol alto;34,16
Ambos sexos;De 85 y más años;Cataratas;18,84
Ambos sexos;De 85 y más años;Problemas crónicos de piel;6,86
Ambos sexos;De 85 y más años;Estreñimiento crónico;10,79
Ambos sexos;De 85 y más años;Cirrosis, disfunción hepática;0,39
Ambos sexos;De 85 y más años;Depresión;12,72
Ambos sexos;De 85 y más años;Ansiedad crónica;8,98
Ambos sexos;De 85 y más años;Otros problemas mentales;9,27
Ambos sexos;De 85 y más años;Ictus (embolia, infarto cerebral, hemorragia cerebral);4,14
Ambos sexos;De 85 y más años;Migraña o dolor de cabeza frecuente;5,31
Ambos sexos;De 85 y más años;Hemorroides;6,42
Ambos sexos;De 85 y más años;Tumores malignos;3,4
Ambos sexos;De 85 y más años;Osteoporosis;15,27
Ambos sexos;De 85 y más años;Problemas de tiroides;6,76
Ambos sexos;De 85 y más años;Problemas de riñón;7,74
Ambos sexos;De 85 y más años;Problemas de próstata (solo hombres);0
Ambos sexos;De 85 y más años;Problemas del periodo menopáusico (solo mujeres);0
Ambos sexos;De 85 y más años;Lesiones o defectos permanentes causados por un accidente;3,38
Hombres;TOTAL;Tensión alta;19,4
Hombres;TOTAL;Infarto de miocardio;1,04
Hombres;TOTAL;Angina de pecho, enfermedad coronaria;0,82
Hombres;TOTAL;Otras enfermedades del corazón;4,07
Hombres;TOTAL;Varices en las piernas;4,82
Hombres;TOTAL;Artrosis (excluyendo artritis);9,28
Hombres;TOTAL;Dolor de espalda crónico (cervical);7,6
Hombres;TOTAL;Dolor de espalda crónico (lumbar);11,09
Hombres;TOTAL;Alergia crónica, como rinitis, conjuntivitis o dermatitis alérgica, alergia alimentaria o de otro tipo (asma alérgica excluida);9,73
Hombres;TOTAL;Asma (incluida asma alérgica);3,48
Hombres;TOTAL;Bronquitis crónica, enfisema, enfermedad pulmonar obstructiva crónica (EPOC);2,71
Hombres;TOTAL;Diabetes;8,2
Hombres;TOTAL;Úlcera de estómago o duodeno;1,05
Hombres;TOTAL;Incontinencia urinaria o problemas de control de la orina;2,29
Hombres;TOTAL;Colesterol alto;15,69
Hombres;TOTAL;Cataratas;3,3
Hombres;TOTAL;Problemas crónicos de piel;3,38
Hombres;TOTAL;Estreñimiento crónico;1,55
Hombres;TOTAL;Cirrosis, disfunción hepática;0,71
Hombres;TOTAL;Depresión;3,62
Hombres;TOTAL;Ansiedad crónica;3,94
Hombres;TOTAL;Otros problemas mentales;1,69
Hombres;TOTAL;Ictus (embolia, infarto cerebral, hemorragia cerebral);0,56
Hombres;TOTAL;Migraña o dolor de cabeza frecuente;4,01
Hombres;TOTAL;Hemorroides;2,49
Hombres;TOTAL;Tumores malignos;1,58
Hombres;TOTAL;Osteoporosis;0,72
Hombres;TOTAL;Problemas de tiroides;1,45
Hombres;TOTAL;Problemas de riñón;2,45
Hombres;TOTAL;Problemas de próstata (solo hombres);4,77
Hombres;TOTAL;Problemas del periodo menopáusico (solo mujeres);0
Hombres;TOTAL;Lesiones o defectos permanentes causados por un accidente;3,27
Hombres;De 15 a 24 años;Tensión alta;1,95
Hombres;De 15 a 24 años;Infarto de miocardio;0
Hombres;De 15 a 24 años;Angina de pecho, enfermedad coronaria;0
Hombres;De 15 a 24 años;Otras enfermedades del corazón;0,5
Hombres;De 15 a 24 años;Varices en las piernas;0,21
Hombres;De 15 a 24 años;Artrosis (excluyendo artritis);0,36
Hombres;De 15 a 24 años;Dolor de espalda crónico (cervical);0,75
Hombres;De 15 a 24 años;Dolor de espalda crónico (lumbar);1,34
Hombres;De 15 a 24 años;Alergia crónica, como rinitis, conjuntivitis o dermatitis alérgica, alergia alimentaria o de otro tipo (asma alérgica excluida);14,02
Hombres;De 15 a 24 años;Asma (incluida asma alérgica);4,46
Hombres;De 15 a 24 años;Bronquitis crónica, enfisema, enfermedad pulmonar obstructiva crónica (EPOC);0,56
Hombres;De 15 a 24 años;Diabetes;0,57
Hombres;De 15 a 24 años;Úlcera de estómago o duodeno;0
Hombres;De 15 a 24 años;Incontinencia urinaria o problemas de control de la orina;0
Hombres;De 15 a 24 años;Colesterol alto;0,53
Hombres;De 15 a 24 años;Cataratas;0
Hombres;De 15 a 24 años;Problemas crónicos de piel;1,95
Hombres;De 15 a 24 años;Estreñimiento crónico;0,49
Hombres;De 15 a 24 años;Cirrosis, disfunción hepática;0,38
Hombres;De 15 a 24 años;Depresión;1,39
Hombres;De 15 a 24 años;Ansiedad crónica;2,07
Hombres;De 15 a 24 años;Otros problemas mentales;1,76
Hombres;De 15 a 24 años;Ictus (embolia, infarto cerebral, hemorragia cerebral);0
Hombres;De 15 a 24 años;Migraña o dolor de cabeza frecuente;3,5
Hombres;De 15 a 24 años;Hemorroides;0,41
Hombres;De 15 a 24 años;Tumores malignos;0,12
Hombres;De 15 a 24 años;Osteoporosis;0
Hombres;De 15 a 24 años;Problemas de tiroides;1,2
Hombres;De 15 a 24 años;Problemas de riñón;0,35
Hombres;De 15 a 24 años;Problemas de próstata (solo hombres);0
Hombres;De 15 a 24 años;Problemas del periodo menopáusico (solo mujeres);0
Hombres;De 15 a 24 años;Lesiones o defectos permanentes causados por un accidente;0,94
Hombres;De 25 a 34 años;Tensión alta;2,49
Hombres;De 25 a 34 años;Infarto de miocardio;0
Hombres;De 25 a 34 años;Angina de pecho, enfermedad coronaria;0
Hombres;De 25 a 34 años;Otras enfermedades del corazón;0,8
Hombres;De 25 a 34 años;Varices en las piernas;0,73
Hombres;De 25 a 34 años;Artrosis (excluyendo artritis);0,55
Hombres;De 25 a 34 años;Dolor de espalda crónico (cervical);2,63
Hombres;De 25 a 34 años;Dolor de espalda crónico (lumbar);4,67
Hombres;De 25 a 34 años;Alergia crónica, como rinitis, conjuntivitis o dermatitis alérgica, alergia alimentaria o de otro tipo (asma alérgica excluida);12,12
Hombres;De 25 a 34 años;Asma (incluida asma alérgica);4,28
Hombres;De 25 a 34 años;Bronquitis crónica, enfisema, enfermedad pulmonar obstructiva crónica (EPOC);0,98
Hombres;De 25 a 34 años;Diabetes;1,01
Hombres;De 25 a 34 años;Úlcera de estómago o duodeno;0,59
Hombres;De 25 a 34 años;Incontinencia urinaria o problemas de control de la orina;0,25
Hombres;De 25 a 34 años;Colesterol alto;4,04
Hombres;De 25 a 34 años;Cataratas;0
Hombres;De 25 a 34 años;Problemas crónicos de piel;3,14
Hombres;De 25 a 34 años;Estreñimiento crónico;0,58
Hombres;De 25 a 34 años;Cirrosis, disfunción hepática;0
Hombres;De 25 a 34 años;Depresión;1,59
Hombres;De 25 a 34 años;Ansiedad crónica;2,81
Hombres;De 25 a 34 años;Otros problemas mentales;0,76
Hombres;De 25 a 34 años;Ictus (embolia, infarto cerebral, hemorragia cerebral);0
Hombres;De 25 a 34 años;Migraña o dolor de cabeza frecuente;5,04
Hombres;De 25 a 34 años;Hemorroides;1,01
Hombres;De 25 a 34 años;Tumores malignos;0
Hombres;De 25 a 34 años;Osteoporosis;0,11
Hombres;De 25 a 34 años;Problemas de tiroides;0,55
Hombres;De 25 a 34 años;Problemas de riñón;1,06
Hombres;De 25 a 34 años;Problemas de próstata (solo hombres);0,2
Hombres;De 25 a 34 años;Problemas del periodo menopáusico (solo mujeres);0
Hombres;De 25 a 34 años;Lesiones o defectos permanentes causados por un accidente;2,09
Hombres;De 35 a 44 años;Tensión alta;5,33
Hombres;De 35 a 44 años;Infarto de miocardio;0,01
Hombres;De 35 a 44 años;Angina de pecho, enfermedad coronaria;0,02
Hombres;De 35 a 44 años;Otras enfermedades del corazón;1,05
Hombres;De 35 a 44 años;Varices en las piernas;2,63
Hombres;De 35 a 44 años;Artrosis (excluyendo artritis);2,44
Hombres;De 35 a 44 años;Dolor de espalda crónico (cervical);4,54
Hombres;De 35 a 44 años;Dolor de espalda crónico (lumbar);8,56
Hombres;De 35 a 44 años;Alergia crónica, como rinitis, conjuntivitis o dermatitis alérgica, alergia alimentaria o de otro tipo (asma alérgica excluida);9,95
Hombres;De 35 a 44 años;Asma (incluida asma alérgica);3,55
Hombres;De 35 a 44 años;Bronquitis crónica, enfisema, enfermedad pulmonar obstructiva crónica (EPOC);1,05
Hombres;De 35 a 44 años;Diabetes;1,82
Hombres;De 35 a 44 años;Úlcera de estómago o duodeno;0,82
Hombres;De 35 a 44 años;Incontinencia urinaria o problemas de control de la orina;0,59
Hombres;De 35 a 44 años;Colesterol alto;7,73
Hombres;De 35 a 44 años;Cataratas;0,46
Hombres;De 35 a 44 años;Problemas crónicos de piel;2,95
Hombres;De 35 a 44 años;Estreñimiento crónico;0,78
Hombres;De 35 a 44 años;Cirrosis, disfunción hepática;0,34
Hombres;De 35 a 44 años;Depresión;2,88
Hombres;De 35 a 44 años;Ansiedad crónica;4,25
Hombres;De 35 a 44 años;Otros problemas mentales;1,86
Hombres;De 35 a 44 años;Ictus (embolia, infarto cerebral, hemorragia cerebral);0
Hombres;De 35 a 44 años;Migraña o dolor de cabeza frecuente;4,77
Hombres;De 35 a 44 años;Hemorroides;1,91
Hombres;De 35 a 44 años;Tumores malignos;0,38
Hombres;De 35 a 44 años;Osteoporosis;0
Hombres;De 35 a 44 años;Problemas de tiroides;0,94
Hombres;De 35 a 44 años;Problemas de riñón;1,56
Hombres;De 35 a 44 años;Problemas de próstata (solo hombres);0,15
Hombres;De 35 a 44 años;Problemas del periodo menopáusico (solo mujeres);0
Hombres;De 35 a 44 años;Lesiones o defectos permanentes causados por un accidente;3,83
Hombres;De 45 a 54 años;Tensión alta;14,6
Hombres;De 45 a 54 años;Infarto de miocardio;0,85
Hombres;De 45 a 54 años;Angina de pecho, enfermedad coronaria;0,34
Hombres;De 45 a 54 años;Otras enfermedades del corazón;2,47
Hombres;De 45 a 54 años;Varices en las piernas;5,19
Hombres;De 45 a 54 años;Artrosis (excluyendo artritis);5,75
Hombres;De 45 a 54 años;Dolor de espalda crónico (cervical);6,9
Hombres;De 45 a 54 años;Dolor de espalda crónico (lumbar);11,64
Hombres;De 45 a 54 años;Alergia crónica, como rinitis, conjuntivitis o dermatitis alérgica, alergia alimentaria o de otro tipo (asma alérgica excluida);10,06
Hombres;De 45 a 54 años;Asma (incluida asma alérgica);3,01
Hombres;De 45 a 54 años;Bronquitis crónica, enfisema, enfermedad pulmonar obstructiva crónica (EPOC);1,53
Hombres;De 45 a 54 años;Diabetes;4,72
Hombres;De 45 a 54 años;Úlcera de estómago o duodeno;1,2
Hombres;De 45 a 54 años;Incontinencia urinaria o problemas de control de la orina;0,42
Hombres;De 45 a 54 años;Colesterol alto;14,9
Hombres;De 45 a 54 años;Cataratas;1,05
Hombres;De 45 a 54 años;Problemas crónicos de piel;2,33
Hombres;De 45 a 54 años;Estreñimiento crónico;0,59
Hombres;De 45 a 54 años;Cirrosis, disfunción hepática;0,38
Hombres;De 45 a 54 años;Depresión;3,96
Hombres;De 45 a 54 años;Ansiedad crónica;5
Hombres;De 45 a 54 años;Otros problemas mentales;1,56
Hombres;De 45 a 54 años;Ictus (embolia, infarto cerebral, hemorragia cerebral);0,34
Hombres;De 45 a 54 años;Migraña o dolor de cabeza frecuente;4,21
Hombres;De 45 a 54 años;Hemorroides;2,42
Hombres;De 45 a 54 años;Tumores malignos;0,87
Hombres;De 45 a 54 años;Osteoporosis;0,33
Hombres;De 45 a 54 años;Problemas de tiroides;0,95
Hombres;De 45 a 54 años;Problemas de riñón;2,07
Hombres;De 45 a 54 años;Problemas de próstata (solo hombres);0,67
Hombres;De 45 a 54 años;Problemas del periodo menopáusico (solo mujeres);0
Hombres;De 45 a 54 años;Lesiones o defectos permanentes causados por un accidente;4,4
Hombres;De 55 a 64 años;Tensión alta;30,37
Hombres;De 55 a 64 años;Infarto de miocardio;1,48
Hombres;De 55 a 64 años;Angina de pecho, enfermedad coronaria;1,86
Hombres;De 55 a 64 años;Otras enfermedades del corazón;4,4
Hombres;De 55 a 64 años;Varices en las piernas;7,66
Hombres;De 55 a 64 años;Artrosis (excluyendo artritis);13,65
Hombres;De 55 a 64 años;Dolor de espalda crónico (cervical);12,92
Hombres;De 55 a 64 años;Dolor de espalda crónico (lumbar);16,23
Hombres;De 55 a 64 años;Alergia crónica, como rinitis, conjuntivitis o dermatitis alérgica, alergia alimentaria o de otro tipo (asma alérgica excluida);7,41
Hombres;De 55 a 64 años;Asma (incluida asma alérgica);2,12
Hombres;De 55 a 64 años;Bronquitis crónica, enfisema, enfermedad pulmonar obstructiva crónica (EPOC);3,56
Hombres;De 55 a 64 años;Diabetes;12,36
Hombres;De 55 a 64 años;Úlcera de estómago o duodeno;1,39
Hombres;De 55 a 64 años;Incontinencia urinaria o problemas de control de la orina;2,59
Hombres;De 55 a 64 años;Colesterol alto;25,34
Hombres;De 55 a 64 años;Cataratas;3,03
Hombres;De 55 a 64 años;Problemas crónicos de piel;3,84
Hombres;De 55 a 64 años;Estreñimiento crónico;1,18
Hombres;De 55 a 64 años;Cirrosis, disfunción hepática;1,6
Hombres;De 55 a 64 años;Depresión;5,14
Hombres;De 55 a 64 años;Ansiedad crónica;4,83
Hombres;De 55 a 64 años;Otros problemas mentales;1,46
Hombres;De 55 a 64 años;Ictus (embolia, infarto cerebral, hemorragia cerebral);0,6
Hombres;De 55 a 64 años;Migraña o dolor de cabeza frecuente;4,16
Hombres;De 55 a 64 años;Hemorroides;3,5
Hombres;De 55 a 64 años;Tumores malignos;1,4
Hombres;De 55 a 64 años;Osteoporosis;1,25
Hombres;De 55 a 64 años;Problemas de tiroides;2,18
Hombres;De 55 a 64 años;Problemas de riñón;3,25
Hombres;De 55 a 64 años;Problemas de próstata (solo hombres);6,06
Hombres;De 55 a 64 años;Problemas del periodo menopáusico (solo mujeres);0
Hombres;De 55 a 64 años;Lesiones o defectos permanentes causados por un accidente;4,64
Hombres;De 65 a 74 años;Tensión alta;47,51
Hombres;De 65 a 74 años;Infarto de miocardio;2,2
Hombres;De 65 a 74 años;Angina de pecho, enfermedad coronaria;1,96
Hombres;De 65 a 74 años;Otras enfermedades del corazón;9,4
Hombres;De 65 a 74 años;Varices en las piernas;9,14
Hombres;De 65 a 74 años;Artrosis (excluyendo artritis);20,94
Hombres;De 65 a 74 años;Dolor de espalda crónico (cervical);12,28
Hombres;De 65 a 74 años;Dolor de espalda crónico (lumbar);16,07
Hombres;De 65 a 74 años;Alergia crónica, como rinitis, conjuntivitis o dermatitis alérgica, alergia alimentaria o de otro tipo (asma alérgica excluida);6,96
Hombres;De 65 a 74 años;Asma (incluida asma alérgica);3,62
Hombres;De 65 a 74 años;Bronquitis crónica, enfisema, enfermedad pulmonar obstructiva crónica (EPOC);5,78
Hombres;De 65 a 74 años;Diabetes;22,78
Hombres;De 65 a 74 años;Úlcera de estómago o duodeno;1,4
Hombres;De 65 a 74 años;Incontinencia urinaria o problemas de control de la orina;4,82
Hombres;De 65 a 74 años;Colesterol alto;33,78
Hombres;De 65 a 74 años;Cataratas;9,51
Hombres;De 65 a 74 años;Problemas crónicos de piel;3,72
Hombres;De 65 a 74 años;Estreñimiento crónico;2,8
Hombres;De 65 a 74 años;Cirrosis, disfunción hepática;2,03
Hombres;De 65 a 74 años;Depresión;4,9
Hombres;De 65 a 74 años;Ansiedad crónica;4,44
Hombres;De 65 a 74 años;Otros problemas mentales;0,88
Hombres;De 65 a 74 años;Ictus (embolia, infarto cerebral, hemorragia cerebral);1,42
Hombres;De 65 a 74 años;Migraña o dolor de cabeza frecuente;2,86
Hombres;De 65 a 74 años;Hemorroides;4,76
Hombres;De 65 a 74 años;Tumores malignos;4,85
Hombres;De 65 a 74 años;Osteoporosis;1,45
Hombres;De 65 a 74 años;Problemas de tiroides;2,8
Hombres;De 65 a 74 años;Problemas de riñón;4,42
Hombres;De 65 a 74 años;Problemas de próstata (solo hombres);12,43
Hombres;De 65 a 74 años;Problemas del periodo menopáusico (solo mujeres);0
Hombres;De 65 a 74 años;Lesiones o defectos permanentes causados por un accidente;2,55
Hombres;De 75 a 84 años;Tensión alta;55,15
Hombres;De 75 a 84 años;Infarto de miocardio;4,26
Hombres;De 75 a 84 años;Angina de pecho, enfermedad coronaria;2,45
Hombres;De 75 a 84 años;Otras enfermedades del corazón;15,35
Hombres;De 75 a 84 años;Varices en las piernas;10,54
Hombres;De 75 a 84 años;Artrosis (excluyendo artritis);33,27
Hombres;De 75 a 84 años;Dolor de espalda crónico (cervical);16,35
Hombres;De 75 a 84 años;Dolor de espalda crónico (lumbar);22,57
Hombres;De 75 a 84 años;Alergia crónica, como rinitis, conjuntivitis o dermatitis alérgica, alergia alimentaria o de otro tipo (asma alérgica excluida);7,61
Hombres;De 75 a 84 años;Asma (incluida asma alérgica);4,05
Hombres;De 75 a 84 años;Bronquitis crónica, enfisema, enfermedad pulmonar obstructiva crónica (EPOC);8,73
Hombres;De 75 a 84 años;Diabetes;25,49
Hombres;De 75 a 84 años;Úlcera de estómago o duodeno;2,05
Hombres;De 75 a 84 años;Incontinencia urinaria o problemas de control de la orina;10,31
Hombres;De 75 a 84 años;Colesterol alto;34,24
Hombres;De 75 a 84 años;Cataratas;15,41
Hombres;De 75 a 84 años;Problemas crónicos de piel;7,1
Hombres;De 75 a 84 años;Estreñimiento crónico;6,06
Hombres;De 75 a 84 años;Cirrosis, disfunción hepática;0,68
Hombres;De 75 a 84 años;Depresión;5,61
Hombres;De 75 a 84 años;Ansiedad crónica;2,78
Hombres;De 75 a 84 años;Otros problemas mentales;2,91
Hombres;De 75 a 84 años;Ictus (embolia, infarto cerebral, hemorragia cerebral);2,22
Hombres;De 75 a 84 años;Migraña o dolor de cabeza frecuente;2,07
Hombres;De 75 a 84 años;Hemorroides;4,59
Hombres;De 75 a 84 años;Tumores malignos;6,77
Hombres;De 75 a 84 años;Osteoporosis;2,6
Hombres;De 75 a 84 años;Problemas de tiroides;2,4
Hombres;De 75 a 84 años;Problemas de riñón;6,12
Hombres;De 75 a 84 años;Problemas de próstata (solo hombres);22,35
Hombres;De 75 a 84 años;Problemas del periodo menopáusico (solo mujeres);0
Hombres;De 75 a 84 años;Lesiones o defectos permanentes causados por un accidente;3,11
Hombres;De 85 y más años;Tensión alta;52,26
Hombres;De 85 y más años;Infarto de miocardio;4,38
Hombres;De 85 y más años;Angina de pecho, enfermedad coronaria;3,05
Hombres;De 85 y más años;Otras enfermedades del corazón;18,31
Hombres;De 85 y más años;Varices en las piernas;11,46
Hombres;De 85 y más años;Artrosis (excluyendo artritis);36,34
Hombres;De 85 y más años;Dolor de espalda crónico (cervical);19,35
Hombres;De 85 y más años;Dolor de espalda crónico (lumbar);23,81
Hombres;De 85 y más años;Alergia crónica, como rinitis, conjuntivitis o dermatitis alérgica, alergia alimentaria o de otro tipo (asma alérgica excluida);3,44
Hombres;De 85 y más años;Asma (incluida asma alérgica);3,56
Hombres;De 85 y más años;Bronquitis crónica, enfisema, enfermedad pulmonar obstructiva crónica (EPOC);9,3
Hombres;De 85 y más años;Diabetes;23,13
Hombres;De 85 y más años;Úlcera de estómago o duodeno;2,76
Hombres;De 85 y más años;Incontinencia urinaria o problemas de control de la orina;17,01
Hombres;De 85 y más años;Colesterol alto;31,36
Hombres;De 85 y más años;Cataratas;17,64
Hombres;De 85 y más años;Problemas crónicos de piel;8,22
Hombres;De 85 y más años;Estreñimiento crónico;9,63
Hombres;De 85 y más años;Cirrosis, disfunción hepática;0,38
Hombres;De 85 y más años;Depresión;7,99
Hombres;De 85 y más años;Ansiedad crónica;4,47
Hombres;De 85 y más años;Otros problemas mentales;7,41
Hombres;De 85 y más años;Ictus (embolia, infarto cerebral, hemorragia cerebral);3,88
Hombres;De 85 y más años;Migraña o dolor de cabeza frecuente;3,25
Hombres;De 85 y más años;Hemorroides;3,97
Hombres;De 85 y más años;Tumores malignos;4,45
Hombres;De 85 y más años;Osteoporosis;4,18
Hombres;De 85 y más años;Problemas de tiroides;2,15
Hombres;De 85 y más años;Problemas de riñón;6,23
Hombres;De 85 y más años;Problemas de próstata (solo hombres);30,03
Hombres;De 85 y más años;Problemas del periodo menopáusico (solo mujeres);0
Hombres;De 85 y más años;Lesiones o defectos permanentes causados por un accidente;3,11
Mujeres;TOTAL;Tensión alta;19,29
Mujeres;TOTAL;Infarto de miocardio;0,4
Mujeres;TOTAL;Angina de pecho, enfermedad coronaria;0,62
Mujeres;TOTAL;Otras enfermedades del corazón;4,15
Mujeres;TOTAL;Varices en las piernas;14,46
Mujeres;TOTAL;Artrosis (excluyendo artritis);20,68
Mujeres;TOTAL;Dolor de espalda crónico (cervical);16,75
Mujeres;TOTAL;Dolor de espalda crónico (lumbar);18,18
Mujeres;TOTAL;Alergia crónica, como rinitis, conjuntivitis o dermatitis alérgica, alergia alimentaria o de otro tipo (asma alérgica excluida);12,85
Mujeres;TOTAL;Asma (incluida asma alérgica);4,71
Mujeres;TOTAL;Bronquitis crónica, enfisema, enfermedad pulmonar obstructiva crónica (EPOC);2,78
Mujeres;TOTAL;Diabetes;6,91
Mujeres;TOTAL;Úlcera de estómago o duodeno;1,62
Mujeres;TOTAL;Incontinencia urinaria o problemas de control de la orina;4,86
Mujeres;TOTAL;Colesterol alto;15,26
Mujeres;TOTAL;Cataratas;5,16
Mujeres;TOTAL;Problemas crónicos de piel;4,68
Mujeres;TOTAL;Estreñimiento crónico;4,82
Mujeres;TOTAL;Cirrosis, disfunción hepática;0,65
Mujeres;TOTAL;Depresión;7,68
Mujeres;TOTAL;Ansiedad crónica;8,74
Mujeres;TOTAL;Otros problemas mentales;1,72
Mujeres;TOTAL;Ictus (embolia, infarto cerebral, hemorragia cerebral);0,8
Mujeres;TOTAL;Migraña o dolor de cabeza frecuente;11,08
Mujeres;TOTAL;Hemorroides;4,68
Mujeres;TOTAL;Tumores malignos;1,74
Mujeres;TOTAL;Osteoporosis;5,9
Mujeres;TOTAL;Problemas de tiroides;8,78
Mujeres;TOTAL;Problemas de riñón;2,45
Mujeres;TOTAL;Problemas de próstata (solo hombres);0
Mujeres;TOTAL;Problemas del periodo menopáusico (solo mujeres);3,21
Mujeres;TOTAL;Lesiones o defectos permanentes causados por un accidente;2,53
Mujeres;De 15 a 24 años;Tensión alta;0,34
Mujeres;De 15 a 24 años;Infarto de miocardio;0
Mujeres;De 15 a 24 años;Angina de pecho, enfermedad coronaria;0,07
Mujeres;De 15 a 24 años;Otras enfermedades del corazón;0,78
Mujeres;De 15 a 24 años;Varices en las piernas;0,83
Mujeres;De 15 a 24 años;Artrosis (excluyendo artritis);0,15
Mujeres;De 15 a 24 años;Dolor de espalda crónico (cervical);3,42
Mujeres;De 15 a 24 años;Dolor de espalda crónico (lumbar);4,08
Mujeres;De 15 a 24 años;Alergia crónica, como rinitis, conjuntivitis o dermatitis alérgica, alergia alimentaria o de otro tipo (asma alérgica excluida);13,81
Mujeres;De 15 a 24 años;Asma (incluida asma alérgica);4,74
Mujeres;De 15 a 24 años;Bronquitis crónica, enfisema, enfermedad pulmonar obstructiva crónica (EPOC);0,96
Mujeres;De 15 a 24 años;Diabetes;0,25
Mujeres;De 15 a 24 años;Úlcera de estómago o duodeno;0,22
Mujeres;De 15 a 24 años;Incontinencia urinaria o problemas de control de la orina;0,82
Mujeres;De 15 a 24 años;Colesterol alto;0,25
Mujeres;De 15 a 24 años;Cataratas;0,15
Mujeres;De 15 a 24 años;Problemas crónicos de piel;4,62
Mujeres;De 15 a 24 años;Estreñimiento crónico;1,16
Mujeres;De 15 a 24 años;Cirrosis, disfunción hepática;0
Mujeres;De 15 a 24 años;Depresión;1,63
Mujeres;De 15 a 24 años;Ansiedad crónica;4,15
Mujeres;De 15 a 24 años;Otros problemas mentales;1,42
Mujeres;De 15 a 24 años;Ictus (embolia, infarto cerebral, hemorragia cerebral);0
Mujeres;De 15 a 24 años;Migraña o dolor de cabeza frecuente;9,49
Mujeres;De 15 a 24 años;Hemorroides;0,43
Mujeres;De 15 a 24 años;Tumores malignos;0,17
Mujeres;De 15 a 24 años;Osteoporosis;0,2
Mujeres;De 15 a 24 años;Problemas de tiroides;1,76
Mujeres;De 15 a 24 años;Problemas de riñón;0,87
Mujeres;De 15 a 24 años;Problemas de próstata (solo hombres);0
Mujeres;De 15 a 24 años;Problemas del periodo menopáusico (solo mujeres);0,21
Mujeres;De 15 a 24 años;Lesiones o defectos permanentes causados por un accidente;0,93
Mujeres;De 25 a 34 años;Tensión alta;1,24
Mujeres;De 25 a 34 años;Infarto de miocardio;0
Mujeres;De 25 a 34 años;Angina de pecho, enfermedad coronaria;0,12
Mujeres;De 25 a 34 años;Otras enfermedades del corazón;1,01
Mujeres;De 25 a 34 años;Varices en las piernas;5,9
Mujeres;De 25 a 34 años;Artrosis (excluyendo artritis);1,68
Mujeres;De 25 a 34 años;Dolor de espalda crónico (cervical);6,27
Mujeres;De 25 a 34 años;Dolor de espalda crónico (lumbar);7,2
Mujeres;De 25 a 34 años;Alergia crónica, como rinitis, conjuntivitis o dermatitis alérgica, alergia alimentaria o de otro tipo (asma alérgica excluida);13,33
Mujeres;De 25 a 34 años;Asma (incluida asma alérgica);6,19
Mujeres;De 25 a 34 años;Bronquitis crónica, enfisema, enfermedad pulmonar obstructiva crónica (EPOC);0,9
Mujeres;De 25 a 34 años;Diabetes;0,75
Mujeres;De 25 a 34 años;Úlcera de estómago o duodeno;0,88
Mujeres;De 25 a 34 años;Incontinencia urinaria o problemas de control de la orina;0,37
Mujeres;De 25 a 34 años;Colesterol alto;2,68
Mujeres;De 25 a 34 años;Cataratas;0,07
Mujeres;De 25 a 34 años;Problemas crónicos de piel;5,14
Mujeres;De 25 a 34 años;Estreñimiento crónico;2,31
Mujeres;De 25 a 34 años;Cirrosis, disfunción hepática;0,6
Mujeres;De 25 a 34 años;Depresión;3,98
Mujeres;De 25 a 34 años;Ansiedad crónica;5,97
Mujeres;De 25 a 34 años;Otros problemas mentales;0,93
Mujeres;De 25 a 34 años;Ictus (embolia, infarto cerebral, hemorragia cerebral);0
Mujeres;De 25 a 34 años;Migraña o dolor de cabeza frecuente;12,6
Mujeres;De 25 a 34 años;Hemorroides;1,62
Mujeres;De 25 a 34 años;Tumores malignos;0,4
Mujeres;De 25 a 34 años;Osteoporosis;0,4
Mujeres;De 25 a 34 años;Problemas de tiroides;4,14
Mujeres;De 25 a 34 años;Problemas de riñón;1,79
Mujeres;De 25 a 34 años;Problemas de próstata (solo hombres);0
Mujeres;De 25 a 34 años;Problemas del periodo menopáusico (solo mujeres);0,13
Mujeres;De 25 a 34 años;Lesiones o defectos permanentes causados por un accidente;2,35
Mujeres;De 35 a 44 años;Tensión alta;3,37
Mujeres;De 35 a 44 años;Infarto de miocardio;0,16
Mujeres;De 35 a 44 años;Angina de pecho, enfermedad coronaria;0
Mujeres;De 35 a 44 años;Otras enfermedades del corazón;1,3
Mujeres;De 35 a 44 años;Varices en las piernas;9,47
Mujeres;De 35 a 44 años;Artrosis (excluyendo artritis);3,44
Mujeres;De 35 a 44 años;Dolor de espalda crónico (cervical);10,65
Mujeres;De 35 a 44 años;Dolor de espalda crónico (lumbar);9,36
Mujeres;De 35 a 44 años;Alergia crónica, como rinitis, conjuntivitis o dermatitis alérgica, alergia alimentaria o de otro tipo (asma alérgica excluida);13,54
Mujeres;De 35 a 44 años;Asma (incluida asma alérgica);3,88
Mujeres;De 35 a 44 años;Bronquitis crónica, enfisema, enfermedad pulmonar obstructiva crónica (EPOC);1,4
Mujeres;De 35 a 44 años;Diabetes;1,41
Mujeres;De 35 a 44 años;Úlcera de estómago o duodeno;1,2
Mujeres;De 35 a 44 años;Incontinencia urinaria o problemas de control de la orina;1,61
Mujeres;De 35 a 44 años;Colesterol alto;4,73
Mujeres;De 35 a 44 años;Cataratas;0,42
Mujeres;De 35 a 44 años;Problemas crónicos de piel;3,68
Mujeres;De 35 a 44 años;Estreñimiento crónico;2,42
Mujeres;De 35 a 44 años;Cirrosis, disfunción hepática;0,47
Mujeres;De 35 a 44 años;Depresión;3,79
Mujeres;De 35 a 44 años;Ansiedad crónica;6,36
Mujeres;De 35 a 44 años;Otros problemas mentales;0,44
Mujeres;De 35 a 44 años;Ictus (embolia, infarto cerebral, hemorragia cerebral);0,38
Mujeres;De 35 a 44 años;Migraña o dolor de cabeza frecuente;12,86
Mujeres;De 35 a 44 años;Hemorroides;3,65
Mujeres;De 35 a 44 años;Tumores malignos;0,88
Mujeres;De 35 a 44 años;Osteoporosis;0,28
Mujeres;De 35 a 44 años;Problemas de tiroides;7,23
Mujeres;De 35 a 44 años;Problemas de riñón;1,16
Mujeres;De 35 a 44 años;Problemas de próstata (solo hombres);0
Mujeres;De 35 a 44 años;Problemas del periodo menopáusico (solo mujeres);0,93
Mujeres;De 35 a 44 años;Lesiones o defectos permanentes causados por un accidente;1,81
Mujeres;De 45 a 54 años;Tensión alta;10,88
Mujeres;De 45 a 54 años;Infarto de miocardio;0,18
Mujeres;De 45 a 54 años;Angina de pecho, enfermedad coronaria;0,38
Mujeres;De 45 a 54 años;Otras enfermedades del corazón;1,77
Mujeres;De 45 a 54 años;Varices en las piernas;15,02
Mujeres;De 45 a 54 años;Artrosis (excluyendo artritis);12,95
Mujeres;De 45 a 54 años;Dolor de espalda crónico (cervical);16,73
Mujeres;De 45 a 54 años;Dolor de espalda crónico (lumbar);17,73
Mujeres;De 45 a 54 años;Alergia crónica, como rinitis, conjuntivitis o dermatitis alérgica, alergia alimentaria o de otro tipo (asma alérgica excluida);14,33
Mujeres;De 45 a 54 años;Asma (incluida asma alérgica);4,2
Mujeres;De 45 a 54 años;Bronquitis crónica, enfisema, enfermedad pulmonar obstructiva crónica (EPOC);1,63
Mujeres;De 45 a 54 años;Diabetes;3,81
Mujeres;De 45 a 54 años;Úlcera de estómago o duodeno;1,37
Mujeres;De 45 a 54 años;Incontinencia urinaria o problemas de control de la orina;1,85
Mujeres;De 45 a 54 años;Colesterol alto;9,54
Mujeres;De 45 a 54 años;Cataratas;1,23
Mujeres;De 45 a 54 años;Problemas crónicos de piel;5,02
Mujeres;De 45 a 54 años;Estreñimiento crónico;3,88
Mujeres;De 45 a 54 años;Cirrosis, disfunción hepática;0,66
Mujeres;De 45 a 54 años;Depresión;7,13
Mujeres;De 45 a 54 años;Ansiedad crónica;10,01
Mujeres;De 45 a 54 años;Otros problemas mentales;0,94
Mujeres;De 45 a 54 años;Ictus (embolia, infarto cerebral, hemorragia cerebral);0,52
Mujeres;De 45 a 54 años;Migraña o dolor de cabeza frecuente;13,42
Mujeres;De 45 a 54 años;Hemorroides;5,07
Mujeres;De 45 a 54 años;Tumores malignos;1,97
Mujeres;De 45 a 54 años;Osteoporosis;1,69
Mujeres;De 45 a 54 años;Problemas de tiroides;9,98
Mujeres;De 45 a 54 años;Problemas de riñón;2,34
Mujeres;De 45 a 54 años;Problemas de próstata (solo hombres);0
Mujeres;De 45 a 54 años;Problemas del periodo menopáusico (solo mujeres);11,27
Mujeres;De 45 a 54 años;Lesiones o defectos permanentes causados por un accidente;2,51
Mujeres;De 55 a 64 años;Tensión alta;25,97
Mujeres;De 55 a 64 años;Infarto de miocardio;0,54
Mujeres;De 55 a 64 años;Angina de pecho, enfermedad coronaria;0,45
Mujeres;De 55 a 64 años;Otras enfermedades del corazón;2,73
Mujeres;De 55 a 64 años;Varices en las piernas;17,74
Mujeres;De 55 a 64 años;Artrosis (excluyendo artritis);29,53
Mujeres;De 55 a 64 años;Dolor de espalda crónico (cervical);24,43
Mujeres;De 55 a 64 años;Dolor de espalda crónico (lumbar);26,44
Mujeres;De 55 a 64 años;Alergia crónica, como rinitis, conjuntivitis o dermatitis alérgica, alergia alimentaria o de otro tipo (asma alérgica excluida);14,25
Mujeres;De 55 a 64 años;Asma (incluida asma alérgica);4,32
Mujeres;De 55 a 64 años;Bronquitis crónica, enfisema, enfermedad pulmonar obstructiva crónica (EPOC);3,6
Mujeres;De 55 a 64 años;Diabetes;8,11
Mujeres;De 55 a 64 años;Úlcera de estómago o duodeno;2,32
Mujeres;De 55 a 64 años;Incontinencia urinaria o problemas de control de la orina;4,28
Mujeres;De 55 a 64 años;Colesterol alto;24,61
Mujeres;De 55 a 64 años;Cataratas;5,27
Mujeres;De 55 a 64 años;Problemas crónicos de piel;4,69
Mujeres;De 55 a 64 años;Estreñimiento crónico;5,89
Mujeres;De 55 a 64 años;Cirrosis, disfunción hepática;0,67
Mujeres;De 55 a 64 años;Depresión;10,13
Mujeres;De 55 a 64 años;Ansiedad crónica;11,22
Mujeres;De 55 a 64 años;Otros problemas mentales;1,3
Mujeres;De 55 a 64 años;Ictus (embolia, infarto cerebral, hemorragia cerebral);0,63
Mujeres;De 55 a 64 años;Migraña o dolor de cabeza frecuente;11,27
Mujeres;De 55 a 64 años;Hemorroides;6,86
Mujeres;De 55 a 64 años;Tumores malignos;1,96
Mujeres;De 55 a 64 años;Osteoporosis;7,24
Mujeres;De 55 a 64 años;Problemas de tiroides;13,95
Mujeres;De 55 a 64 años;Problemas de riñón;2,2
Mujeres;De 55 a 64 años;Problemas de próstata (solo hombres);0
Mujeres;De 55 a 64 años;Problemas del periodo menopáusico (solo mujeres);4,79
Mujeres;De 55 a 64 años;Lesiones o defectos permanentes causados por un accidente;3,35
Mujeres;De 65 a 74 años;Tensión alta;42,88
Mujeres;De 65 a 74 años;Infarto de miocardio;0,36
Mujeres;De 65 a 74 años;Angina de pecho, enfermedad coronaria;0,99
Mujeres;De 65 a 74 años;Otras enfermedades del corazón;6,79
Mujeres;De 65 a 74 años;Varices en las piernas;24,95
Mujeres;De 65 a 74 años;Artrosis (excluyendo artritis);43,49
Mujeres;De 65 a 74 años;Dolor de espalda crónico (cervical);25,15
Mujeres;De 65 a 74 años;Dolor de espalda crónico (lumbar);28,24
Mujeres;De 65 a 74 años;Alergia crónica, como rinitis, conjuntivitis o dermatitis alérgica, alergia alimentaria o de otro tipo (asma alérgica excluida);10,69
Mujeres;De 65 a 74 años;Asma (incluida asma alérgica);4,19
Mujeres;De 65 a 74 años;Bronquitis crónica, enfisema, enfermedad pulmonar obstructiva crónica (EPOC);5
Mujeres;De 65 a 74 años;Diabetes;15,24
Mujeres;De 65 a 74 años;Úlcera de estómago o duodeno;1,81
Mujeres;De 65 a 74 años;Incontinencia urinaria o problemas de control de la orina;7,43
Mujeres;De 65 a 74 años;Colesterol alto;33,79
Mujeres;De 65 a 74 años;Cataratas;12,37
Mujeres;De 65 a 74 años;Problemas crónicos de piel;4,3
Mujeres;De 65 a 74 años;Estreñimiento crónico;8,33
Mujeres;De 65 a 74 años;Cirrosis, disfunción hepática;1,35
Mujeres;De 65 a 74 años;Depresión;12,49
Mujeres;De 65 a 74 años;Ansiedad crónica;11,76
Mujeres;De 65 a 74 años;Otros problemas mentales;1,57
Mujeres;De 65 a 74 años;Ictus (embolia, infarto cerebral, hemorragia cerebral);0,85
Mujeres;De 65 a 74 años;Migraña o dolor de cabeza frecuente;8,43
Mujeres;De 65 a 74 años;Hemorroides;7,32
Mujeres;De 65 a 74 años;Tumores malignos;4,02
Mujeres;De 65 a 74 años;Osteoporosis;15,25
Mujeres;De 65 a 74 años;Problemas de tiroides;12,4
Mujeres;De 65 a 74 años;Problemas de riñón;3,32
Mujeres;De 65 a 74 años;Problemas de próstata (solo hombres);0
Mujeres;De 65 a 74 años;Problemas del periodo menopáusico (solo mujeres);1,18
Mujeres;De 65 a 74 años;Lesiones o defectos permanentes causados por un accidente;2,73
Mujeres;De 75 a 84 años;Tensión alta;56,46
Mujeres;De 75 a 84 años;Infarto de miocardio;1,64
Mujeres;De 75 a 84 años;Angina de pecho, enfermedad coronaria;2,51
Mujeres;De 75 a 84 años;Otras enfermedades del corazón;15,43
Mujeres;De 75 a 84 años;Varices en las piernas;28,53
Mujeres;De 75 a 84 años;Artrosis (excluyendo artritis);58,88
Mujeres;De 75 a 84 años;Dolor de espalda crónico (cervical);29,72
Mujeres;De 75 a 84 años;Dolor de espalda crónico (lumbar);34,69
Mujeres;De 75 a 84 años;Alergia crónica, como rinitis, conjuntivitis o dermatitis alérgica, alergia alimentaria o de otro tipo (asma alérgica excluida);8,92
Mujeres;De 75 a 84 años;Asma (incluida asma alérgica);5,32
Mujeres;De 75 a 84 años;Bronquitis crónica, enfisema, enfermedad pulmonar obstructiva crónica (EPOC);6,2
Mujeres;De 75 a 84 años;Diabetes;22,95
Mujeres;De 75 a 84 años;Úlcera de estómago o duodeno;3,61
Mujeres;De 75 a 84 años;Incontinencia urinaria o problemas de control de la orina;15,82
Mujeres;De 75 a 84 años;Colesterol alto;35,75
Mujeres;De 75 a 84 años;Cataratas;21,18
Mujeres;De 75 a 84 años;Problemas crónicos de piel;5,22
Mujeres;De 75 a 84 años;Estreñimiento crónico;10,42
Mujeres;De 75 a 84 años;Cirrosis, disfunción hepática;1,01
Mujeres;De 75 a 84 años;Depresión;15,93
Mujeres;De 75 a 84 años;Ansiedad crónica;11,12
Mujeres;De 75 a 84 años;Otros problemas mentales;4,28
Mujeres;De 75 a 84 años;Ictus (embolia, infarto cerebral, hemorragia cerebral);3,2
Mujeres;De 75 a 84 años;Migraña o dolor de cabeza frecuente;7,78
Mujeres;De 75 a 84 años;Hemorroides;7
Mujeres;De 75 a 84 años;Tumores malignos;3,02
Mujeres;De 75 a 84 años;Osteoporosis;20,04
Mujeres;De 75 a 84 años;Problemas de tiroides;11,03
Mujeres;De 75 a 84 años;Problemas de riñón;4,65
Mujeres;De 75 a 84 años;Problemas de próstata (solo hombres);0
Mujeres;De 75 a 84 años;Problemas del periodo menopáusico (solo mujeres);0,33
Mujeres;De 75 a 84 años;Lesiones o defectos permanentes causados por un accidente;4,22
Mujeres;De 85 y más años;Tensión alta;64,01
Mujeres;De 85 y más años;Infarto de miocardio;1,83
Mujeres;De 85 y más años;Angina de pecho, enfermedad coronaria;3,16
Mujeres;De 85 y más años;Otras enfermedades del corazón;20,89
Mujeres;De 85 y más años;Varices en las piernas;26,32
Mujeres;De 85 y más años;Artrosis (excluyendo artritis);68,09
Mujeres;De 85 y más años;Dolor de espalda crónico (cervical);32,29
Mujeres;De 85 y más años;Dolor de espalda crónico (lumbar);37,02
Mujeres;De 85 y más años;Alergia crónica, como rinitis, conjuntivitis o dermatitis alérgica, alergia alimentaria o de otro tipo (asma alérgica excluida);8,03
Mujeres;De 85 y más años;Asma (incluida asma alérgica);7,4
Mujeres;De 85 y más años;Bronquitis crónica, enfisema, enfermedad pulmonar obstructiva crónica (EPOC);7,93
Mujeres;De 85 y más años;Diabetes;20,95
Mujeres;De 85 y más años;Úlcera de estómago o duodeno;3,4
Mujeres;De 85 y más años;Incontinencia urinaria o problemas de control de la orina;29,04
Mujeres;De 85 y más años;Colesterol alto;35,67
Mujeres;De 85 y más años;Cataratas;19,48
Mujeres;De 85 y más años;Problemas crónicos de piel;6,13
Mujeres;De 85 y más años;Estreñimiento crónico;11,42
Mujeres;De 85 y más años;Cirrosis, disfunción hepática;0,39
Mujeres;De 85 y más años;Depresión;15,26
Mujeres;De 85 y más años;Ansiedad crónica;11,42
Mujeres;De 85 y más años;Otros problemas mentales;10,28
Mujeres;De 85 y más años;Ictus (embolia, infarto cerebral, hemorragia cerebral);4,29
Mujeres;De 85 y más años;Migraña o dolor de cabeza frecuente;6,43
Mujeres;De 85 y más años;Hemorroides;7,74
Mujeres;De 85 y más años;Tumores malignos;2,84
Mujeres;De 85 y más años;Osteoporosis;21,19
Mujeres;De 85 y más años;Problemas de tiroides;9,23
Mujeres;De 85 y más años;Problemas de riñón;8,55
Mujeres;De 85 y más años;Problemas de próstata (solo hombres);0
Mujeres;De 85 y más años;Problemas del periodo menopáusico (solo mujeres);0,69
Mujeres;De 85 y más años;Lesiones o defectos permanentes causados por un accidente;3,52
